Year,Intl Arrivals (millions),Revenue / Receipts (€bn),Arrivals YoY %,Revenue YoY %,Arrivals Index (2019=100),Confidence,Source note
2019,34.0,18.2,—,—,100.0,CONFIRMED,Pre-pandemic baseline (Bank of Greece / INSETE)
2020,7.4,4.3,-0.782352941176471,-0.763736263736264,21.7647058823529,CONFIRMED,"Pandemic trough; arrivals -78%, receipts -76%"
2021,14.5,10.2,0.959459459459459,1.37209302325581,42.6470588235294,ESTIMATE,Tentative reopening; arrivals est. 14–15M
2022,27.8,17.6,0.917241379310345,0.725490196078432,81.7647058823529,CONFIRMED,"Inflection year; +227% vs 2020, -18% vs 2019"
2023,32.7,20.59,0.176258992805755,0.169886363636364,96.1764705882353,CONFIRMED,Surpassed 2019 receipts (+13%)
2024,40.69,21.59,0.24434250764526,0.0485672656629432,119.676470588235,CONFIRMED,All-time record; incl. 4.74M cruise pax
2025,42.5,22.38,0.0444826738756452,0.0365910143584993,125.0,ESTIMATE,Receipts Jan–Oct actual €22.38bn (+8.9%); arrivals projected
